Matière,Océanographie dynamique
Matière,Océanographie Biologique
Matière,Oceanographie Chimique
Matière,Geologie des fonds marins
Matière,Traitement des données environnementales appliqué à l'océanographie
Matière,Biologie et dynamique des populations marines exploitées
Matière,Structure et fonctions des communautés marines
Matière,Biodiversité
Matière,Anglais et Pré-Professionnalisation en Oceanographie
Matière,Changements Globaux
Matière,Biogéochimie
Matière,Production et Relations Trophiques en Milieu Marin
Matière,Indicateurs biologiques en milieu marin
Matière,Gestion intégrée des zones côtières
Matière,Traitement des données environnementales - Perfectionnement
Matière,Biogéochimie et eutrophisation
Matière,Observation et perturbation des écosystèmes côtiers
Matière,Stage long
Matière,Systèmes d'Information Géographique 1
Matière,Systèmes d'Information Géographique 2
Matière,Anglais en M2
Matière,Géochimie des eaux et des sédiments à l’interface continent-océan
Matière,Hydrodynamique sédimentaire
Matière,Sédimentologie littorale et profonde
Matière,Projet d'aménagement des environnements littoraux
Matière,Dynamique littorale
Matière,Géochimie des environnements estuariens et côtiers
Matière,Défis de l'Anthropocène
Matière,formation complémentaire à BILBAO
Matière,formation complémentaire Liège ou Southampton
Matière,stage fin d'étude
Matière,Paléoclimatologie et Paléocéanographie
Matière,Ecole de terrain : Stratigraphie séquentielle et dynamique de bassin
Matière,Sédimentologie profonde
Matière,Dynamique du Climat Passé
Matière,Géologie Pétrolière
